n_knots,run,seed,fork,fork_depth,winner,core_height,knots_height,common_height,spam_blocks,core_consensus,knots_consensus,blocks,p_spam,spam_kind,secs
1,0,1000,True,45,core,147,102,102,45,True,True,45,1.0,random,29.0
1,1,1001,True,41,core,143,106,102,41,True,True,45,1.0,random,29.1
1,2,1002,True,45,core,147,102,102,45,True,True,45,1.0,random,29.0
1,3,1003,True,44,core,146,103,102,44,True,True,45,1.0,random,29.8
1,4,1004,True,42,core,144,105,102,42,True,True,45,1.0,random,30.6
1,5,1005,True,43,core,145,104,102,43,True,True,45,1.0,random,31.7
1,6,1006,True,40,core,142,107,102,40,True,True,45,1.0,random,29.2
1,7,1007,True,44,core,146,103,102,44,True,True,45,1.0,random,29.2
1,8,1008,True,43,core,145,104,102,43,True,True,45,1.0,random,29.0
1,9,1009,True,43,core,145,104,102,43,True,True,45,1.0,random,29.1
2,0,2000,True,40,core,142,107,102,40,True,True,45,1.0,random,29.0
2,1,2001,True,41,core,143,106,102,41,True,True,45,1.0,random,28.8
2,2,2002,True,39,core,142,108,103,39,True,True,45,1.0,random,29.1
2,3,2003,True,39,core,141,108,102,39,True,True,45,1.0,random,29.0
2,4,2004,True,42,core,144,105,102,42,True,True,45,1.0,random,28.8
2,5,2005,True,44,core,146,103,102,44,True,True,45,1.0,random,29.2
2,6,2006,True,41,core,143,106,102,41,True,True,45,1.0,random,29.9
2,7,2007,True,42,core,144,105,102,42,True,True,45,1.0,random,30.0
2,8,2008,True,37,core,139,110,102,37,True,True,45,1.0,random,29.2
2,9,2009,True,39,core,141,108,102,39,True,True,45,1.0,random,29.0
3,0,3000,True,38,core,140,109,102,38,True,True,45,1.0,random,29.0
3,1,3001,True,40,core,142,107,102,40,True,True,45,1.0,random,29.0
3,2,3002,True,31,core,137,114,106,33,True,True,45,1.0,random,28.7
3,3,3003,True,37,core,139,110,102,37,True,True,45,1.0,random,29.0
3,4,3004,True,36,core,141,110,105,36,True,True,45,1.0,random,29.5
3,5,3005,True,39,core,142,108,103,39,True,True,45,1.0,random,29.4
3,6,3006,True,39,core,141,108,102,39,True,True,45,1.0,random,29.3
3,7,3007,True,37,core,139,110,102,37,True,True,45,1.0,random,29.4
3,8,3008,True,38,core,140,109,102,38,True,True,45,1.0,random,28.9
3,9,3009,True,35,core,137,112,102,35,True,True,45,1.0,random,28.9
4,0,4000,True,42,core,144,105,102,42,True,True,45,1.0,random,28.9
4,1,4001,True,34,core,136,113,102,34,True,True,45,1.0,random,28.8
4,2,4002,True,37,core,139,110,102,37,True,True,45,1.0,random,28.9
4,3,4003,True,39,core,143,107,104,39,True,True,45,1.0,random,28.9
4,4,4004,True,37,core,139,110,102,37,True,True,45,1.0,random,28.8
4,5,4005,True,35,core,137,112,102,35,True,True,45,1.0,random,28.9
4,6,4006,True,35,core,137,112,102,35,True,True,45,1.0,random,28.9
4,7,4007,True,33,core,135,114,102,33,True,True,45,1.0,random,29.0
4,8,4008,True,35,core,137,112,102,35,True,True,45,1.0,random,29.1
4,9,4009,True,34,core,136,113,102,34,True,True,45,1.0,random,28.8
5,0,5000,True,36,core,138,111,102,36,True,True,45,1.0,random,29.1
5,1,5001,True,35,core,137,112,102,35,True,True,45,1.0,random,29.1
5,2,5002,True,33,core,135,114,102,33,True,True,45,1.0,random,29.0
5,3,5003,True,35,core,137,112,102,35,True,True,45,1.0,random,28.9
5,4,5004,True,29,core,131,118,102,29,True,True,45,1.0,random,28.7
5,6,5006,True,38,core,140,109,102,38,True,True,45,1.0,random,29.0
5,7,5007,True,35,core,138,112,103,35,True,True,45,1.0,random,29.4
5,8,5008,True,35,core,138,112,103,35,True,True,45,1.0,random,29.0
5,9,5009,True,32,core,134,115,102,32,True,True,45,1.0,random,29.1
6,0,6000,True,35,core,138,112,103,35,True,True,45,1.0,random,29.0
6,1,6001,True,35,core,137,112,102,35,True,True,45,1.0,random,29.0
6,2,6002,True,30,core,134,117,104,30,True,True,45,1.0,random,28.9
6,3,6003,True,33,core,139,112,106,34,True,True,45,1.0,random,28.9
6,4,6004,True,33,core,135,114,102,33,True,True,45,1.0,random,28.7
6,5,6005,True,31,core,133,116,102,31,True,True,45,1.0,random,28.8
6,6,6006,True,34,core,138,113,104,34,True,True,45,1.0,random,28.9
6,7,6007,True,33,core,135,114,102,33,True,True,45,1.0,random,28.9
6,8,6008,True,32,core,134,115,102,32,True,True,45,1.0,random,28.8
6,9,6009,True,31,core,133,116,102,31,True,True,45,1.0,random,28.7
7,0,7000,True,1,tie,126,126,125,19,True,True,45,1.0,random,28.4
7,1,7001,True,31,core,134,116,103,31,True,True,45,1.0,random,28.7
7,2,7002,True,29,core,131,118,102,29,True,True,45,1.0,random,28.9
7,3,7003,True,28,core,131,119,103,28,True,True,45,1.0,random,28.6
7,4,7004,True,32,core,135,115,103,32,True,True,45,1.0,random,28.8
7,5,7005,True,28,core,132,118,104,28,True,True,45,1.0,random,28.6
7,6,7006,True,28,core,132,118,104,28,True,True,45,1.0,random,28.8
7,7,7007,True,29,core,131,118,102,29,True,True,45,1.0,random,28.9
7,8,7008,True,30,core,132,117,102,30,True,True,45,1.0,random,28.8
7,9,7009,True,1,core,126,125,125,20,True,True,45,1.0,random,28.6
8,0,8000,True,23,core,133,122,110,24,True,True,45,1.0,random,28.8
8,1,8001,True,20,core,132,121,112,24,True,True,45,1.0,random,28.8
8,2,8002,True,23,core,131,121,108,25,True,True,45,1.0,random,28.7
8,3,8003,True,29,core,132,118,103,29,True,True,45,1.0,random,28.9
8,4,8004,True,28,core,130,119,102,28,True,True,45,1.0,random,28.6
8,5,8005,True,29,core,132,118,103,29,True,True,45,1.0,random,29.8
8,6,8006,True,20,core,128,123,108,23,True,True,45,1.0,random,28.7
8,7,8007,True,26,core,128,121,102,26,True,True,45,1.0,random,28.8
8,8,8008,True,33,core,135,114,102,33,True,True,45,1.0,random,28.8
9,1,9001,True,23,core,126,124,103,23,True,True,45,1.0,random,28.7
9,2,9002,True,10,tie,126,126,116,20,True,True,45,1.0,random,29.0
9,3,9003,True,7,core,127,124,120,22,True,True,45,1.0,random,28.8
9,4,9004,True,9,core,128,124,119,21,True,True,45,1.0,random,28.6
9,5,9005,True,25,core,129,121,104,25,True,True,45,1.0,random,28.7
9,6,9006,True,8,core,130,125,122,20,True,True,45,1.0,random,28.5
9,7,9007,True,4,core,133,130,129,13,True,True,45,1.0,random,28.7
9,8,9008,True,9,core,129,125,120,18,True,True,45,1.0,random,28.7
9,9,9009,True,28,core,130,119,102,28,True,True,45,1.0,random,28.9
10,0,10000,True,25,core,132,121,107,25,True,True,45,1.0,random,29.0
10,1,10001,True,27,core,129,120,102,27,True,True,45,1.0,random,28.8
10,2,10002,True,12,core,127,124,115,21,True,True,45,1.0,random,28.8
10,3,10003,True,14,core,132,127,118,19,True,True,45,1.0,random,28.6
10,4,10004,True,20,core,134,119,114,27,True,True,45,1.0,random,28.7
10,5,10005,True,27,core,129,120,102,27,True,True,45,1.0,random,29.0
10,6,10006,True,24,core,131,122,107,24,True,True,45,1.0,random,28.6
10,7,10007,True,19,core,129,125,110,21,True,True,45,1.0,random,28.9
10,8,10008,True,12,core,129,124,117,21,True,True,45,1.0,random,28.7
10,9,10009,True,31,core,133,116,102,31,True,True,45,1.0,random,28.7
11,0,11000,True,1,core,130,129,129,14,True,True,45,1.0,random,28.7
11,1,11001,True,5,core,132,129,127,13,True,True,45,1.0,random,28.4
11,2,11002,True,8,core,132,128,124,17,True,True,45,1.0,random,29.0
11,3,11003,True,26,core,129,121,103,26,True,True,45,1.0,random,29.0
11,4,11004,True,22,core,126,125,104,22,True,True,45,1.0,random,28.7
11,5,11005,True,19,core,130,123,111,22,True,True,45,1.0,random,28.7
11,6,11006,True,13,core,130,126,117,20,True,True,45,1.0,random,28.7
11,7,11007,True,3,core,129,126,126,19,True,True,45,1.0,random,28.8
11,8,11008,False,0,tie,125,125,125,22,True,True,45,1.0,random,28.6
11,9,11009,True,1,tie,131,131,130,11,True,True,45,1.0,random,28.5
12,0,12000,True,2,core,130,129,128,13,True,True,45,1.0,random,28.5
12,1,12001,True,13,core,129,128,116,17,True,True,45,1.0,random,28.7
12,2,12002,False,0,tie,133,133,133,13,True,True,45,1.0,random,28.7
12,3,12003,True,11,core,128,126,117,19,True,True,45,1.0,random,28.9
12,4,12004,False,0,tie,132,132,132,11,True,True,45,1.0,random,28.8
12,5,12005,True,4,core,134,132,130,11,True,True,45,1.0,random,28.8
12,6,12006,True,1,tie,134,134,133,8,True,True,45,1.0,random,28.5
12,7,12007,True,4,core,134,131,130,12,True,True,45,1.0,random,28.7
12,8,12008,True,3,core,131,129,128,13,True,True,45,1.0,random,28.5
12,9,12009,True,2,core,129,127,127,19,True,True,45,1.0,random,28.7
13,0,13000,False,0,tie,134,134,134,9,True,True,45,1.0,random,28.5
13,1,13001,False,0,tie,130,130,130,13,True,True,45,1.0,random,28.6
13,2,13002,True,1,tie,137,137,136,6,True,True,45,1.0,random,28.7
13,3,13003,True,3,core,135,134,132,10,True,True,45,1.0,random,28.7
13,4,13004,True,2,core,131,130,129,12,True,True,45,1.0,random,28.5
13,5,13005,False,0,tie,133,133,133,10,True,True,45,1.0,random,28.4
13,6,13006,True,22,core,130,123,108,23,True,True,45,1.0,random,29.2
13,7,13007,False,0,tie,134,134,134,11,True,True,45,1.0,random,29.2
13,8,13008,False,0,tie,130,130,130,14,True,True,45,1.0,random,28.7
13,9,13009,True,1,tie,134,134,133,10,True,True,45,1.0,random,28.5
14,0,14000,True,1,tie,134,134,133,9,True,True,45,1.0,random,28.8
14,1,14001,True,2,core,136,135,134,9,True,True,45,1.0,random,28.5
14,2,14002,True,5,core,136,133,131,11,True,True,45,1.0,random,28.6
14,3,14003,False,0,tie,135,135,135,8,True,True,45,1.0,random,28.5
14,4,14004,True,1,core,135,134,134,6,True,True,45,1.0,random,28.7
14,5,14005,True,1,core,131,130,130,12,True,True,45,1.0,random,29.8
14,6,14006,False,0,tie,133,133,133,9,True,True,45,1.0,random,28.7
14,7,14007,True,1,core,133,132,132,10,True,True,45,1.0,random,28.5
14,8,14008,True,7,core,134,131,127,13,True,True,45,1.0,random,28.6
14,9,14009,False,0,tie,135,135,135,10,True,True,45,1.0,random,28.7
15,0,15000,True,1,tie,137,137,136,8,True,True,45,1.0,random,28.8
15,1,15001,False,0,tie,129,129,129,14,True,True,45,1.0,random,28.6
15,2,15002,True,1,core,132,131,131,12,True,True,45,1.0,random,28.4
15,3,15003,False,0,tie,140,140,140,5,True,True,45,1.0,random,28.3
15,4,15004,True,1,core,140,139,139,6,True,True,45,1.0,random,28.5
15,5,15005,True,2,tie,138,138,136,5,True,True,45,1.0,random,28.6
15,6,15006,True,6,core,138,137,132,9,True,True,45,1.0,random,28.4
15,7,15007,True,1,core,131,130,130,12,True,True,45,1.0,random,28.8
15,8,15008,False,0,tie,134,134,134,7,True,True,45,1.0,random,28.4
15,9,15009,False,0,tie,134,134,134,8,True,True,45,1.0,random,28.3
16,0,16000,False,0,tie,136,136,136,7,True,True,45,1.0,random,28.4
16,1,16001,False,0,tie,135,135,135,8,True,True,45,1.0,random,28.3
16,2,16002,False,0,tie,138,138,138,4,True,True,45,1.0,random,28.3
16,3,16003,True,2,core,142,141,140,2,True,True,45,1.0,random,28.2
16,4,16004,True,1,tie,133,133,132,9,True,True,45,1.0,random,28.9
16,5,16005,True,1,tie,137,137,136,8,True,True,45,1.0,random,28.4
16,6,16006,True,1,core,137,136,136,6,True,True,45,1.0,random,28.4
16,7,16007,True,1,tie,136,136,135,7,True,True,45,1.0,random,28.2
16,8,16008,False,0,tie,138,138,138,4,True,True,45,1.0,random,28.7
16,9,16009,False,0,tie,137,137,137,9,True,True,45,1.0,random,28.2
